
{

    "HOME": {
        "no": "HOME",
        "kr": "전체",
        "en": "HOME",
        "mapi": "h21_main",
        "url": [],
        "path": []
    },
    "NEWS": {
        "no": "NEWS",
        "kr": "뉴스",
        "en": "NEWS",
        "mapi": "h21_news_main",
        "url": ["NEWS"],
        "path": ["NEWS"]
    },
    "101000000": {
        "no": "101000000",
        "kr": "표지이야기",
        "en": "cover",
        "mapi": "cover",
        "url": ["101000000"],
        "path": ["NEWS", "101000000"]
    },
    "101001000": {
        "no": "101001000",
        "kr": "표지이야기일반",
        "en": "cover_general",
        "mapi": "cover_general",
        "url": ["101000000", "101001000"],
        "path": ["NEWS", "101000000", "101001000"]
    },
    "102000000": {
        "no": "102000000",
        "kr": "특집",
        "en": "special",
        "mapi": "special",
        "url": ["102000000"],
        "path": ["NEWS", "102000000"]
    },
    "102001000": {
        "no": "101001000",
        "kr": "특집일반",
        "en": "special_general",
        "mapi": "special_general",
        "url": ["102000000", "102001000"],
        "path": ["NEWS", "102000000", "102001000"]
    },
    "103000000": {
        "no": "103000000",
        "kr": "정치",
        "en": "politics",
        "mapi": "politics",
        "url": ["103000000"],
        "path": ["NEWS", "103000000"]
    },
    "103001000": {
        "no": "103001000",
        "kr": "정치일반",
        "en": "politics_general",
        "mapi": "politics_general",
        "url": ["103000000", "103001000"],
        "path": ["NEWS", "103000000", "103001000"]
    },
    "104000000": {
        "no": "104000000",
        "kr": "경제",
        "en": "economy",
        "mapi": "economy",
        "url": ["104000000"],
        "path": ["NEWS", "104000000"]
    },
    "104001000": {
        "no": "104001000",
        "kr": "경제일반",
        "en": "economy_general",
        "mapi": "economy_general",
        "url": ["104000000", "104001000"],
        "path": ["NEWS", "104000000", "104001000"]
    },
    "105000000": {
        "no": "105000000",
        "kr": "사회",
        "en": "society",
        "mapi": "society",
        "url": ["105000000"],
        "path": ["NEWS", "105000000"]
    },
    "105001000": {
        "no": "105001000",
        "kr": "사회일반",
        "en": "society_general",
        "mapi": "society_general",
        "url": ["105000000", "105001000"],
        "path": ["NEWS", "105000000", "105001000"]
    },
    "105002000": {
        "no": "105002000",
        "kr": "환경",
        "en": "environment",
        "mapi": "environment",
        "url": ["105000000","105002000"],
        "path": ["NEWS", "105000000", "105002000"]
    },
    "106000000": {
        "no": "106000000",
        "kr": "세계",
        "en": "world",
        "mapi": "world",
        "url": ["106000000"],
        "path": ["NEWS", "106000000"]
    },
    "106001000": {
        "no": "106001000",
        "kr": "세계일반",
        "en": "world_general",
        "mapi": "world_general",
        "url": ["106000000", "106001000"],
        "path": ["NEWS", "106000000", "106001000"]
    },
    "107000000": {
        "no": "107000000",
        "kr": "멀티미디어",
        "en": "photo",
        "mapi": "photo",
        "url": ["107000000"],
        "path": ["107000000"]
    },
    "107001000": {
        "no": "107001000",
        "kr": "원샷",
        "en": "oneshot",
        "mapi": "oneshot",
        "url": ["107000000","107001000"],
        "path": ["107000000","107001000"]
    },
    "107002000": {
        "no": "107002000",
        "kr": "포토스토리",
        "en": "story",
        "mapi": "story",
        "url": ["107000000","107002000"],
        "path": ["107000000","107002000"]
    },
    "107003000": {
        "no": "107003000",
        "kr": "카툰",
        "en": "cartoon",
        "mapi": "cartoon",
        "url": ["107000000","107003000"],
        "path": ["107000000","107003000"]
    },
    "107004000": {
        "no": "107004000",
        "kr": "당신",
        "en": "people",
        "mapi": "people",
        "url": ["107000000","107004000"],
        "path": ["107000000","107004000"]
    },
    "RED": {
        "no": "RED",
        "kr": "문화",
        "en": "RED",
        "mapi": "culture",
        "url": ["108000000"],
        "path": ["NEWS","108000000"]
    },
    "108000000": {
        "no": "108000000",
        "kr": "문화",
        "en": "culture",
        "mapi": "culture",
        "url": ["108000000"],
        "path": ["NEWS","108000000"]
    },
    "108001000": {
        "no": "108001000",
        "kr": "문화일반",
        "en": "culture_general",
        "mapi": "culture_general",
        "url": ["108000000", "108001000"],
        "path": ["NEWS","108000000", "108001000"]
    },
    "108002000": {
        "no": "108002000",
        "kr": "문화일반",
        "en": "science",
        "mapi": "culture_general",
        "url": ["108000000", "108001000"],
        "path": ["NEWS","108000000", "108001000"]
    },
    "109000000": {
        "no": "109000000",
        "kr": "문화일반",
        "en": "sports",
        "mapi": "culture_general",
        "url": ["108000000", "108001000"],
        "path": ["NEWS","108000000", "108001000"]
    },
    "109001000": {
        "no": "109001000",
        "kr": "문화일반",
        "en": "sports_general",
        "mapi": "culture_general",
        "url": ["108000000", "108001000"],
        "path": ["NEWS","108000000", "108001000"]
    },
    "109002000": {
        "no": "109002000",
        "kr": "문화일반",
        "en": "health",
        "mapi": "culture_general",
        "url": ["108000000", "108001000"],
        "path": ["NEWS","108000000", "108001000"]
    },
    "110000000": {
        "no": "110000000",
        "kr": "독자",
        "en": "reader",
        "mapi": "reader",
        "url": ["110000000"],
        "path": ["110000000"]
    },
    "110001000": {
        "no": "110001000",
        "kr": "독자와함께",
        "en": "together",
        "mapi": "together",
        "url": ["110000000", "110001000"],
        "path": ["110000000", "110001000"]
    },
    "110002000": {
        "no": "110002000",
        "kr": "독자편집위원회",
        "en": "reader_edit",
        "mapi": "reader_edit",
        "url": ["110000000", "110002000"],
        "path": ["110000000", "110002000"]
    },
    "110003000": {
        "no": "110003000",
        "kr": "캠페인",
        "en": "reader_campaign",
        "mapi": "reader_campaign",
        "url": ["110000000", "110003000"],
        "path": ["110000000", "110003000"]
    },
    "111000000": {
        "no": "111000000",
        "kr": "HERI",
        "en": "HERI",
        "mapi": "HERI",
        "url": ["111000000"],
        "path": ["111000000"]
    },
    "111001000": {
        "no": "111001000",
        "kr": "H_특집",
        "en": "H_special",
        "mapi": "H_special",
        "url": ["111001000"],
        "path": ["111001000"]
    },
    "111002000": {
        "no": "111002000",
        "kr": "H_기획",
        "en": "H_theme",
        "mapi": "H_theme",
        "url": ["111002000"],
        "path": ["111002000"]
    },
    "111003000": {
        "no": "111003000",
        "kr": "H_일반",
        "en": "H_general",
        "mapi": "H_general",
        "url": ["111003000"],
        "path": ["111003000"]
    },
    "COLUMN": {
        "no": "COLUMN",
        "kr": "칼럼",
        "en": "COLUMN",
        "mapi": "COLUMN",
        "url": ["COLUMN"],
        "path": ["COLUMN"]
    },
    "SERIES": {
        "no": "SERIES",
        "kr": "기획연재",
        "en": "SERIES",
        "mapi": "SERIES",
        "url": ["SERIES"],
        "path": ["SERIES"]
    },
    "HO": {
        "no": "HO",
        "kr": "차례보기",
        "en": "HO",
        "mapi": "HO",
        "url": ["HO"],
        "path": ["HO"]
    }
}